T#941us454ns; 
T#922us542ns; 
T#893us408ns; 
T#901us841ns; 
T#890us279ns; 
T#886us550ns; 
T#872us704ns; 
T#902us991ns; 
T#895us93ns; 
T#885us89ns; 
T#899us354ns; 
T#911us146ns; 
T#904us255ns; 
T#910us437ns; 
T#917us904ns; 
T#915us68ns; 
T#947us544ns; 
T#917us230ns; 
T#931us124ns; 
T#913us166ns; 
T#913us85ns; 
T#923us134ns; 
T#919us218ns; 
T#913us569ns; 
T#920us224ns; 
T#917us395ns; 
T#902us298ns; 
T#923us196ns; 
T#914us470ns; 
T#923us975ns; 
T#909us812ns; 
T#917us29ns; 
T#923us113ns; 
T#904us934ns; 
T#931us388ns; 
T#921us301ns; 
T#918us126ns; 
T#919us959ns; 
T#919us169ns; 
T#916us601ns; 
T#901us129ns; 
T#913us911ns; 
T#917us760ns; 
T#911us511ns; 
T#912us97ns; 
T#916us191ns; 
T#916us760ns; 
T#910us79ns; 
T#914us907ns; 
T#921us122ns; 
T#918us457ns; 
T#916us911ns; 
T#913us800ns; 
T#933us182ns; 
T#934us205ns; 
T#932us257ns; 
T#934us291ns; 
T#941us840ns; 
T#936us731ns; 
T#934us639ns; 
T#937us390ns; 
T#937us740ns; 
T#936us947ns; 
T#944us816ns; 
T#944us190ns; 
T#943us438ns; 
T#927us303ns; 
T#949us115ns; 
T#926us493ns; 
T#928us805ns; 
T#1ms33us160ns; 
T#972us557ns; 
T#961us238ns; 
T#966us356ns; 
T#975us743ns; 
T#961us291ns; 
T#962us602ns; 
T#943us292ns; 
T#959us750ns; 
T#950us619ns; 
T#946us180ns; 
T#963us374ns; 
T#1ms34us745ns; 
T#995us822ns; 
T#967us648ns; 
T#970us922ns; 
T#966us774ns; 
T#981us558ns; 
T#968us570ns; 
T#970us727ns; 
T#961us939ns; 
T#963us828ns; 
T#965us945ns; 
T#963us926ns; 
T#964us791ns; 
T#963us894ns; 
T#963us774ns; 
T#970us617ns; 
T#973us531ns; 
T#971us292ns; 
T#959us848ns; 
T#971us481ns; 
T#965us433ns; 
T#967us344ns; 
T#1ms61us717ns; 
T#1ms89us77ns; 
T#967us309ns; 
T#961us962ns; 
T#977us255ns; 
T#971us58ns; 
T#1ms115us527ns; 
T#1ms236us219ns; 
T#1ms367us394ns; 
T#1ms55us516ns; 
T#1ms58us684ns; 
T#985us673ns; 
T#984us42ns; 
T#1ms284us274ns; 
T#1ms52us131ns; 
T#1ms11us392ns; 
T#1ms30us576ns; 
T#1ms5us495ns; 
T#1ms7us652ns; 
T#1ms10us152ns; 
T#999us703ns; 
T#1ms21us393ns; 
T#1ms7us609ns; 
T#1ms805ns; 
T#1ms15us388ns; 
T#1ms34us52ns; 
T#1ms110us414ns; 
T#1ms7us513ns; 
T#1ms7us182ns; 
T#1ms7us931ns; 
T#998us133ns; 
T#1ms6us234ns; 
T#1ms5us409ns; 
T#1ms11us60ns; 
T#1ms7us616ns; 
T#1ms425ns; 
T#997us291ns; 
T#998us262ns; 
T#996us340ns; 
T#997us733ns; 
T#999us213ns; 
T#999us889ns; 
T#1ms30us198ns; 
T#1ms46us943ns; 
T#1ms23us982ns; 
T#1ms19us580ns; 
T#1ms13us463ns; 
T#1ms5us445ns; 
T#1ms1us674ns; 
T#1ms871ns; 
T#1ms14us70ns; 
T#1ms40us215ns; 
T#1ms249us820ns; 
T#1ms47us704ns; 
T#1ms55us386ns; 
T#1ms39us918ns; 
T#1ms89us108ns; 
T#1ms34us319ns; 
T#1ms41us577ns; 
T#1ms47us869ns; 
T#1ms40us936ns; 
T#1ms40us946ns; 
T#1ms43us975ns; 
T#1ms40us398ns; 
T#1ms37us976ns; 
T#1ms39us284ns; 
T#1ms39us79ns; 
T#1ms38us461ns; 
T#1ms41us237ns; 
T#1ms32us692ns; 
T#1ms36us731ns; 
T#1ms25us845ns; 
T#1ms39us914ns; 
T#1ms44us577ns; 
T#1ms38us268ns; 
T#1ms42us130ns; 
T#1ms36us358ns; 
T#1ms37us556ns; 
T#1ms281us149ns; 
T#1ms44us168ns; 
T#1ms78us217ns; 
T#1ms54us35ns; 
T#1ms37us860ns; 
T#1ms43us800ns; 
T#1ms45us997ns; 
T#1ms40us633ns; 
T#1ms30us801ns; 
T#1ms35us977ns; 
T#1ms45us580ns; 
T#1ms56us801ns; 
T#1ms77us604ns; 
T#1ms84us471ns; 
T#1ms81us948ns; 
T#1ms73us467ns; 
T#1ms74us499ns; 
T#1ms77us860ns; 
T#1ms78us145ns; 
T#1ms80us299ns; 
T#1ms83us497ns; 
T#1ms77us683ns; 
T#1ms96us533ns; 
T#1ms73us1ns; 
T#1ms72us927ns; 
T#1ms94us292ns; 
T#1ms71us258ns; 
T#1ms85us648ns; 
T#1ms76us494ns; 
T#1ms81us131ns; 
T#1ms73us158ns; 
T#1ms72us722ns; 
T#1ms106us183ns; 
T#1ms71us235ns; 
T#1ms74us409ns; 
T#1ms78us252ns; 
T#1ms78us698ns; 
T#1ms78us419ns; 
T#1ms75us561ns; 
T#1ms76us901ns; 
T#1ms77us715ns; 
T#1ms72us993ns; 
T#1ms73us646ns; 
T#1ms75us724ns; 
T#1ms76us884ns; 
T#1ms79us755ns; 
T#1ms78us139ns; 
T#1ms81us53ns; 
T#1ms76us105ns; 
T#1ms69us972ns; 
T#1ms81us718ns; 
T#1ms85us100ns; 
T#1ms307us367ns; 
T#1ms88us493ns; 
T#1ms140us259ns; 
T#1ms136us972ns; 
T#1ms125us655ns; 
T#1ms125us197ns; 
T#1ms125us983ns; 
T#1ms120us986ns; 
T#1ms127us237ns; 
T#1ms120us351ns; 
T#1ms118us338ns; 
T#1ms124us690ns; 
T#1ms121us503ns; 
T#1ms117us806ns; 
T#1ms127us769ns; 
T#1ms122us761ns; 
T#1ms123us856ns; 
T#1ms126us802ns; 
T#1ms119us279ns; 
T#1ms120us814ns; 
T#1ms115us157ns; 
T#1ms104us30ns; 
T#1ms119us690ns; 
T#1ms118us137ns; 
T#1ms121us844ns; 
T#1ms113us441ns; 
T#1ms118us941ns; 
T#1ms112us994ns; 
T#1ms109us354ns; 
T#1ms116us201ns; 
T#1ms117us6ns; 
T#1ms118us970ns; 
T#1ms105us229ns; 
T#1ms117us330ns; 
T#1ms122us28ns; 
T#1ms119us1ns; 
T#1ms116us324ns; 
T#1ms112us324ns; 
T#1ms117us188ns; 
T#1ms119us966ns; 
T#1ms116us841ns; 
T#1ms110us89ns; 
T#1ms126us495ns; 
T#1ms109us229ns; 
T#1ms116us183ns; 
T#1ms121us269ns; 
T#1ms114us765ns; 
T#1ms118us503ns; 
T#1ms122us805ns; 
T#1ms114us706ns; 
T#1ms115us548ns; 
T#1ms114us3ns; 
T#1ms113us272ns; 
T#1ms146us57ns; 
T#1ms361us502ns; 
T#1ms178us746ns; 
T#1ms190us504ns; 
T#1ms175us186ns; 
T#1ms163us66ns; 
T#1ms164us766ns; 
T#1ms168us947ns; 
T#1ms169us48ns; 
T#1ms161us101ns; 
T#1ms168us908ns; 
T#1ms159us220ns; 
T#1ms163us342ns; 
T#1ms168us550ns; 
T#1ms157us643ns; 
T#1ms155us699ns; 
T#1ms154us38ns; 
T#1ms163us582ns; 
T#1ms160us44ns; 
T#1ms170us262ns; 
T#1ms161us101ns; 
T#1ms155us853ns; 
T#1ms162us31ns; 
T#1ms165us949ns; 
T#1ms164us254ns; 
T#1ms161us302ns; 
T#1ms176us561ns; 
T#1ms169us796ns; 
T#1ms165us986ns; 
T#1ms163us975ns; 
T#1ms166us199ns; 
T#1ms173us150ns; 
T#1ms167us53ns; 
T#1ms159us777ns; 
T#1ms161us873ns; 
T#1ms161us656ns; 
T#1ms169us675ns; 
T#1ms167us886ns; 
T#1ms167us980ns; 
T#1ms158us877ns; 
T#1ms159us724ns; 
T#1ms153us407ns; 
T#1ms155us862ns; 
T#1ms158us829ns; 
T#1ms166us863ns; 
T#1ms165us726ns; 
T#1ms156us861ns; 
T#1ms155us434ns; 
T#1ms165us775ns; 
T#1ms175us388ns; 
T#1ms165us658ns; 
T#1ms161us860ns; 
T#1ms167us165ns; 
T#1ms158us976ns; 
T#1ms161us670ns; 
T#1ms167us847ns; 
T#1ms164us70ns; 
T#1ms165us539ns; 
T#1ms166us992ns; 
T#1ms163us189ns; 
T#1ms165us572ns; 
T#1ms161us843ns; 
T#1ms160us509ns; 
T#1ms160us567ns; 
T#1ms161us418ns; 
T#1ms169us777ns; 
T#1ms164us838ns; 
T#1ms161us545ns; 
T#1ms178us718ns; 
T#1ms172us33ns; 
T#1ms170us973ns; 
T#1ms168us12ns; 
T#1ms170us461ns; 
T#1ms181us191ns; 
T#1ms168us355ns; 
T#1ms172us801ns; 
T#1ms166us742ns; 
T#1ms170us839ns; 
T#1ms164us811ns; 
T#1ms168us949ns; 
T#1ms161us817ns; 
T#1ms166us916ns; 
T#1ms164us339ns; 
T#1ms165us730ns; 
T#1ms220us86ns; 
T#1ms255us665ns; 
T#1ms164us635ns; 
T#1ms162us879ns; 
T#1ms173us989ns; 
T#1ms167us649ns; 
T#1ms179us904ns; 
T#1ms169us957ns; 
T#1ms166us648ns; 
T#1ms175us254ns; 
T#1ms159us132ns; 
T#1ms164us210ns; 
T#1ms166us272ns; 
T#1ms157us20ns; 
T#1ms159us717ns; 
T#1ms163us929ns; 
T#1ms163us734ns; 
T#1ms164us433ns; 
T#1ms170us791ns; 
T#1ms162us169ns; 
T#1ms165us723ns; 
T#1ms162us11ns; 
T#1ms172us827ns; 
T#1ms160us310ns; 
T#1ms162us827ns; 
T#1ms164us684ns; 
T#1ms156us106ns; 
T#1ms154us157ns; 
T#1ms169us946ns; 
T#1ms166us598ns; 
T#1ms171us736ns; 
T#1ms155us569ns; 
T#1ms158us331ns; 
T#1ms165us857ns; 
T#1ms159us309ns; 
T#1ms162us274ns; 
T#1ms175us977ns; 
T#1ms168us387ns; 
T#1ms167us202ns; 
T#1ms161us558ns; 
T#1ms166us346ns; 
T#1ms161us974ns; 
T#1ms168us382ns; 
T#1ms168us633ns; 
T#1ms164us808ns; 
T#1ms166us514ns; 
T#1ms163us33ns; 
T#1ms161us257ns; 
T#1ms167us469ns; 
T#1ms165us670ns; 
T#1ms156us152ns; 
T#1ms162us62ns; 
T#1ms160us101ns; 
T#1ms161us889ns; 
T#1ms164us531ns; 
T#1ms165us491ns; 
T#1ms171us315ns; 
T#1ms170us709ns; 
T#1ms167us426ns; 
T#1ms160us496ns; 
T#1ms176us125ns; 
T#1ms170us93ns; 
T#1ms171us215ns; 
T#1ms172us572ns; 
T#1ms171us62ns; 
T#1ms173us286ns; 
T#1ms173us337ns; 
T#1ms157us234ns; 
T#1ms164us80ns; 
T#1ms247us657ns; 
T#1ms382us648ns; 
T#1ms184us195ns; 
T#1ms195us880ns; 
T#1ms167us990ns; 
T#1ms160us622ns; 
T#1ms174us272ns; 
T#1ms195us989ns; 
T#1ms214us806ns; 
T#1ms171us213ns; 
T#1ms169us586ns; 
T#1ms167us939ns; 
T#1ms165us620ns; 
T#1ms210us751ns; 
T#1ms211us969ns; 
T#1ms163us896ns; 
T#1ms168us235ns; 
T#1ms173us409ns; 
T#1ms173us572ns; 
T#1ms163us543ns; 
T#1ms163us139ns; 
T#1ms164us97ns; 
T#1ms173us500ns; 
T#1ms174us797ns; 
T#1ms170us33ns; 
T#1ms160us944ns; 
T#1ms170us272ns; 
T#1ms163us153ns; 
T#1ms168us951ns; 
T#1ms171us661ns; 
T#1ms159us907ns; 
T#1ms168us109ns; 
T#1ms167us656ns; 
T#1ms165us963ns; 
T#1ms168us768ns; 
T#1ms166us169ns; 
T#1ms173us337ns; 
T#1ms163us425ns; 
T#1ms168us536ns; 
T#1ms164us751ns; 
T#1ms181us417ns; 
T#1ms159us71ns; 
T#1ms171us565ns; 
T#1ms165us899ns; 
T#1ms162us753ns; 
T#1ms159us285ns; 
T#1ms157us107ns; 
T#1ms166us441ns; 
T#1ms171us535ns; 
T#1ms201us385ns; 
T#1ms161us83ns; 
T#1ms164us645ns; 
T#1ms160us328ns; 
T#1ms168us445ns; 
T#1ms162us57ns; 
T#1ms163us65ns; 
T#1ms161us710ns; 
T#1ms158us895ns; 
T#1ms156us839ns; 
T#1ms155us303ns; 
T#1ms164us841ns; 
T#1ms159us467ns; 
T#1ms164us939ns; 
T#1ms162us835ns; 
T#1ms162us290ns; 
T#1ms167us233ns; 
T#1ms173us223ns; 
T#1ms160us139ns; 
T#1ms154us315ns; 
T#1ms155us613ns; 
T#1ms159us235ns; 
T#1ms165us696ns; 
T#1ms174us990ns; 
T#1ms155us571ns; 
T#1ms160us111ns; 
T#1ms165us934ns; 
T#1ms174us657ns; 
T#1ms176us753ns; 
T#1ms171us671ns; 
T#1ms168us830ns; 
T#1ms168us23ns; 
T#1ms160us410ns; 
T#1ms170us192ns; 
T#1ms174us624ns; 
T#1ms171us111ns; 
T#1ms164us72ns; 
T#1ms158us675ns; 
T#1ms165us972ns; 
T#1ms171us802ns; 
T#1ms166us66ns; 
T#1ms189us504ns; 
T#1ms166us662ns; 
T#1ms167us303ns; 
T#1ms158us567ns; 
T#1ms159us342ns; 
T#1ms175us904ns; 
T#1ms172us622ns; 
T#1ms149us744ns; 
T#1ms160us588ns; 
T#1ms156us25ns; 
T#1ms160us153ns; 
T#1ms169us996ns; 
T#1ms178us468ns; 
T#1ms173us394ns; 
T#1ms163us721ns; 
T#1ms164us174ns; 
T#1ms164us155ns; 
T#1ms170us61ns; 
T#1ms165us457ns; 
T#1ms168us802ns; 
T#1ms156us945ns; 
T#1ms159us364ns; 
T#1ms164us922ns; 
T#1ms175us897ns; 
T#1ms170us200ns; 
T#1ms168us572ns; 
T#1ms193us933ns; 
T#1ms159us633ns; 
T#1ms166us142ns; 
T#1ms173us43ns; 
T#1ms167us981ns; 
T#1ms194us513ns; 
T#1ms165us661ns; 
T#1ms158us62ns; 
T#1ms163us76ns; 
T#1ms170us657ns; 
T#1ms163us428ns; 
T#1ms171us534ns; 
T#1ms160us952ns; 
T#1ms175us834ns; 
T#1ms201us645ns; 
T#1ms159us962ns; 
T#1ms177us14ns; 
T#1ms165us126ns; 
T#1ms158us935ns; 
T#1ms155us604ns; 
T#1ms159us940ns; 
T#1ms162us570ns; 
T#1ms204us431ns; 
T#1ms169us582ns; 
T#1ms191us923ns; 
T#1ms155us603ns; 
T#1ms162us463ns; 
T#1ms166us307ns; 
T#1ms212us315ns; 
T#1ms161us580ns; 
T#1ms184us187ns; 
T#1ms403us871ns; 
T#1ms216us242ns; 
T#1ms214us764ns; 
T#1ms219us850ns; 
T#1ms222us370ns; 
T#1ms216us679ns; 
T#1ms210us; 
T#1ms212us664ns; 
T#1ms229us890ns; 
T#1ms226us858ns; 
T#1ms209us449ns; 
T#1ms211us953ns; 
T#1ms217us490ns; 
T#1ms222us209ns; 
T#1ms221us874ns; 
T#1ms210us632ns; 
T#1ms205us268ns; 
T#1ms206us954ns; 
T#1ms217us193ns; 
T#1ms212us225ns; 
T#1ms215us179ns; 
T#1ms207us508ns; 
T#1ms217us439ns; 
T#1ms233us452ns; 
T#1ms208us278ns; 
T#1ms211us174ns; 
T#1ms208us430ns; 
T#1ms221us415ns; 
T#1ms223us715ns; 
T#1ms215us229ns; 
T#1ms245us593ns; 
T#1ms210us348ns; 
T#1ms220us632ns; 
T#1ms213us141ns; 
T#1ms217us916ns; 
T#1ms209us86ns; 
T#1ms220us67ns; 
T#1ms234us691ns; 
T#1ms215us604ns; 
T#1ms204us999ns; 
T#1ms207us24ns; 
T#1ms222us267ns; 
T#1ms268us755ns; 
T#1ms204us822ns; 
T#1ms207us320ns; 
T#1ms218us229ns; 
T#1ms229us77ns; 
T#1ms213us376ns; 
T#1ms212us58ns; 
T#1ms216us745ns; 
T#1ms223us493ns; 
T#1ms214us461ns; 
T#1ms216us354ns; 
T#1ms221us4ns; 
T#1ms215us387ns; 
T#1ms209us674ns; 
T#1ms209us849ns; 
T#1ms212us355ns; 
T#1ms205us357ns; 
T#1ms222us304ns; 
T#1ms212us992ns; 
T#1ms211us553ns; 
T#1ms210us152ns; 
T#1ms208us51ns; 
T#1ms220us834ns; 
T#1ms214us123ns; 
T#1ms209us700ns; 
T#1ms210us710ns; 
T#1ms218us132ns; 
T#1ms225us629ns; 
T#1ms213us970ns; 
T#1ms215us959ns; 
T#1ms213us518ns; 
T#1ms211us185ns; 
T#1ms219us821ns; 
T#1ms209us744ns; 
T#1ms221us350ns; 
T#1ms224us165ns; 
T#1ms224us47ns; 
T#1ms212us77ns; 
T#1ms199us743ns; 
T#1ms207us254ns; 
T#1ms215us263ns; 
T#1ms226us229ns; 
T#1ms215us407ns; 
T#1ms211us755ns; 
T#1ms211us40ns; 
T#1ms224us691ns; 
T#1ms215us448ns; 
T#1ms210us449ns; 
T#1ms210us251ns; 
T#1ms208us556ns; 
T#1ms191us801ns; 
T#1ms164us757ns; 
T#1ms170us100ns; 
T#1ms164us335ns; 
T#1ms169us76ns; 
T#1ms178us829ns; 
T#1ms182us517ns; 
T#1ms172us408ns; 
T#1ms174us979ns; 
T#1ms156us127ns; 
T#1ms163us631ns; 
T#1ms169us362ns; 
T#1ms178us615ns; 
T#1ms187us237ns; 
T#1ms183us862ns; 
T#1ms165us82ns; 
T#1ms163us124ns; 
T#1ms183us722ns; 
T#1ms174us772ns; 
T#1ms162us856ns; 
T#1ms159us39ns; 
T#1ms170us145ns; 
T#1ms167us24ns; 
T#1ms174us558ns; 
T#1ms157us20ns; 
T#1ms166us59ns; 
T#1ms162us369ns; 
T#1ms178us384ns; 
T#1ms170us827ns; 
T#1ms181us680ns; 
T#1ms168us445ns; 
T#1ms163us406ns; 
T#1ms164us117ns; 
T#1ms164us118ns; 
T#1ms164us406ns; 
T#1ms168us963ns; 
T#1ms162us912ns; 
T#1ms158us618ns; 
T#1ms159us542ns; 
T#1ms163us221ns; 
T#1ms162us222ns; 
T#1ms170us156ns; 
T#1ms155us830ns; 
T#1ms158us73ns; 
T#1ms165us661ns; 
T#1ms168us164ns; 
T#1ms171us452ns; 
T#1ms166us757ns; 
T#1ms157us616ns; 
T#1ms165us787ns; 
T#1ms162us741ns; 
T#1ms156us804ns; 
T#1ms169us249ns; 
T#1ms173us106ns; 
T#1ms177us34ns; 
T#1ms173us223ns; 
T#1ms168us524ns; 
T#1ms175us272ns; 
T#1ms172us60ns; 
T#1ms172us213ns; 
T#1ms164us593ns; 
T#1ms157us167ns; 
T#1ms158us817ns; 
T#1ms156us213ns; 
T#1ms168us826ns; 
T#1ms164us277ns; 
T#1ms162us880ns; 
T#1ms156us607ns; 
T#1ms157us272ns; 
T#1ms156us452ns; 
T#1ms162us859ns; 
T#1ms188us107ns; 
T#1ms170us482ns; 
T#1ms170us790ns; 
T#1ms204us638ns; 
T#1ms158us689ns; 
T#1ms165us404ns; 
T#1ms167us278ns; 
T#1ms158us814ns; 
T#1ms160us470ns; 
T#1ms163us142ns; 
T#1ms153us396ns; 
T#1ms174us688ns; 
T#1ms175us198ns; 
T#1ms170us613ns; 
T#1ms167us747ns; 
T#1ms160us123ns; 
T#1ms173us635ns; 
T#1ms163us964ns; 
T#1ms158us297ns; 
T#1ms160us835ns; 
T#1ms165us80ns; 
T#1ms168us533ns; 
T#1ms164us205ns; 
T#1ms170us447ns; 
T#1ms170us160ns; 
T#1ms164us718ns; 
T#1ms163us677ns; 
T#1ms165us237ns; 
T#1ms168us718ns; 
T#1ms169us162ns; 
T#1ms164us451ns; 
T#1ms170us6ns; 
T#1ms163us268ns; 
T#1ms166us792ns; 
T#1ms166us87ns; 
T#1ms166us816ns; 
T#1ms167us937ns; 
T#1ms166us862ns; 
T#1ms162us223ns; 
T#1ms168us431ns; 
T#1ms165us997ns; 
T#1ms169us807ns; 
T#1ms171us693ns; 
T#1ms169us813ns; 
T#1ms161us934ns; 
T#1ms165us699ns; 
T#1ms158us676ns; 
T#1ms166us780ns; 
T#1ms167us679ns; 
T#1ms161us278ns; 
T#1ms171us993ns; 
T#1ms192us532ns; 
T#1ms158us971ns; 
T#1ms163us109ns; 
T#1ms165us595ns; 
T#1ms157us991ns; 
T#1ms162us463ns; 
T#1ms162us466ns; 
T#1ms158us337ns; 
T#1ms166us78ns; 
T#1ms166us814ns; 
T#1ms156us684ns; 
T#1ms164us845ns; 
T#1ms165us216ns; 
T#1ms163us838ns; 
T#1ms169us327ns; 
T#1ms176us852ns; 
T#1ms168us11ns; 
T#1ms163us382ns; 
T#1ms166us985ns; 
T#1ms166us772ns; 
T#1ms165us270ns; 
T#1ms179us852ns; 
T#1ms157us390ns; 
T#1ms161us344ns; 
T#1ms159us915ns; 
T#1ms168us654ns; 
T#1ms166us356ns; 
T#1ms155us660ns; 
T#1ms162us747ns; 
T#1ms164us211ns; 
T#1ms158us861ns; 
T#1ms161us89ns; 
T#1ms160us867ns; 
T#1ms160us738ns; 
T#1ms164us531ns; 
T#1ms154us949ns; 
T#1ms167us160ns; 
T#1ms156us460ns; 
T#1ms168us811ns; 
T#1ms178us940ns; 
T#1ms165us875ns; 
T#1ms168us247ns; 
T#1ms173us302ns; 
T#1ms167us625ns; 
T#1ms172us113ns; 
T#1ms174us71ns; 
T#1ms171us325ns; 
T#1ms167us978ns; 
T#1ms162us470ns; 
T#1ms159us420ns; 
T#1ms167us502ns; 
T#1ms169us695ns; 
T#1ms167us552ns; 
T#1ms156us812ns; 
T#1ms157us660ns; 
T#1ms166us192ns; 
T#1ms174us824ns; 
T#1ms168us665ns; 
T#1ms162us589ns; 
T#1ms191us612ns; 
T#1ms156us948ns; 
T#1ms162us602ns; 
T#1ms165us338ns; 
T#1ms172us73ns; 
T#1ms168us629ns; 
T#1ms167us51ns; 
T#1ms162us262ns; 
T#1ms164us32ns; 
T#1ms171us586ns; 
T#1ms175us177ns; 
T#1ms164us845ns; 
T#1ms159us784ns; 
T#1ms162us659ns; 
T#1ms169us86ns; 
T#1ms165us511ns; 
T#1ms172us332ns; 
T#1ms163us720ns; 
T#1ms164us708ns; 
T#1ms172us696ns; 
T#1ms168us317ns; 
T#1ms162us688ns; 
T#1ms167us194ns; 
T#1ms160us258ns; 
T#1ms160us907ns; 
T#1ms164us23ns; 
T#1ms174us479ns; 
T#1ms169us738ns; 
T#1ms161us791ns; 
T#1ms165us435ns; 
T#1ms161us256ns; 
T#1ms162us976ns; 
T#1ms159us910ns; 
T#1ms170us415ns; 
T#1ms175us571ns; 
T#1ms165us659ns; 
T#1ms161us359ns; 
T#1ms165us729ns; 
T#1ms155us979ns; 
T#1ms174us973ns; 
T#1ms172us694ns; 
T#1ms165us73ns; 
T#1ms161us116ns; 
T#1ms159us249ns; 
T#1ms157us670ns; 
T#1ms176us701ns; 
T#1ms171us505ns; 
T#1ms166us77ns; 
T#1ms177us151ns; 
T#1ms155us36ns; 
T#1ms167us211ns; 
T#1ms175us795ns; 
T#1ms168us843ns; 
T#1ms167us159ns; 
T#1ms179us877ns; 
T#1ms159us628ns; 
T#1ms148us735ns; 
T#1ms164us441ns; 
T#1ms161us374ns; 
T#1ms161us68ns; 
T#1ms165us289ns; 
T#1ms164us884ns; 
T#1ms158us419ns; 
T#1ms173us109ns; 
T#1ms185us332ns; 
T#1ms168us902ns; 
T#1ms169us299ns; 
T#1ms161us700ns; 
T#1ms170us9ns; 
T#1ms166us939ns; 
T#1ms174us508ns; 
T#1ms286us392ns; 
T#1ms194us192ns; 
T#1ms213us366ns; 
T#1ms170us601ns; 
T#1ms159us273ns; 
T#1ms161us947ns; 
T#1ms172us357ns; 
T#1ms167us273ns; 
T#1ms167us398ns; 
T#1ms176us603ns; 
T#1ms156us940ns; 
T#1ms164us812ns; 
T#1ms169us481ns; 
T#1ms158us901ns; 
T#1ms170us859ns; 
T#1ms173us86ns; 
T#1ms199us680ns; 
T#1ms187us362ns; 
T#1ms176us397ns; 
T#1ms446us854ns; 
T#1ms172us398ns; 
T#1ms193us659ns; 
T#1ms168us177ns; 
T#1ms168us816ns; 
T#1ms182us145ns; 
T#1ms207us51ns; 
T#1ms166us992ns; 
T#1ms162us136ns; 
T#1ms163us796ns; 
T#1ms164us454ns; 
T#1ms179us932ns; 
T#1ms243us155ns; 
T#1ms169us338ns; 
T#1ms164us758ns; 
T#1ms160us860ns; 
T#1ms175us453ns; 
T#1ms171us688ns; 
T#1ms164us262ns; 
T#1ms168us497ns; 
T#1ms168us267ns; 
T#1ms165us296ns; 
T#1ms167us171ns; 
T#1ms169us14ns; 
T#1ms167us277ns; 
T#1ms162us673ns; 
T#1ms167us527ns; 
T#1ms166us861ns; 
T#1ms178us286ns; 
T#1ms168us492ns; 
T#1ms178us979ns; 
T#1ms165us220ns; 
T#1ms161us384ns; 
T#1ms161us403ns; 
T#1ms162us18ns; 
T#1ms170us128ns; 
T#1ms163us283ns; 
T#1ms159us289ns; 
T#1ms155us683ns; 
T#1ms165us515ns; 
T#1ms180us742ns; 
T#1ms172us708ns; 
T#1ms174us825ns; 
T#1ms171us783ns; 
T#1ms158us52ns; 
T#1ms162us707ns; 
T#1ms169us516ns; 
T#1ms157us438ns; 
T#1ms166us837ns; 
T#1ms159us909ns; 
